,Multipliers
1913-01-01,10.204081632653061
1913-02-01,10.204081632653061
1913-03-01,10.204081632653061
1913-04-01,10.204081632653061
1913-05-01,10.309278350515465
1913-06-01,10.204081632653061
1913-07-01,10.1010101010101
1913-08-01,10.1010101010101
1913-09-01,10.0
1913-10-01,10.0
1913-11-01,9.900990099009901
1913-12-01,10.0
1914-01-01,10.0
1914-02-01,10.1010101010101
1914-03-01,10.1010101010101
1914-04-01,10.204081632653061
1914-05-01,10.1010101010101
1914-06-01,10.1010101010101
1914-07-01,10.0
1914-08-01,9.803921568627452
1914-09-01,9.803921568627452
1914-10-01,9.900990099009901
1914-11-01,9.803921568627452
1914-12-01,9.900990099009901
1915-01-01,9.900990099009901
1915-02-01,10.0
1915-03-01,10.1010101010101
1915-04-01,10.0
1915-05-01,9.900990099009901
1915-06-01,9.900990099009901
1915-07-01,9.900990099009901
1915-08-01,9.900990099009901
1915-09-01,9.900990099009901
1915-10-01,9.803921568627452
1915-11-01,9.70873786407767
1915-12-01,9.70873786407767
1916-01-01,9.615384615384615
1916-02-01,9.615384615384615
1916-03-01,9.523809523809524
1916-04-01,9.433962264150944
1916-05-01,9.345794392523365
1916-06-01,9.259259259259258
1916-07-01,9.259259259259258
1916-08-01,9.174311926605505
1916-09-01,9.00900900900901
1916-10-01,8.849557522123893
1916-11-01,8.695652173913043
1916-12-01,8.620689655172415
1917-01-01,8.547008547008547
1917-02-01,8.333333333333334
1917-03-01,8.333333333333334
1917-04-01,7.936507936507937
1917-05-01,7.8125
1917-06-01,7.692307692307692
1917-07-01,7.8125
1917-08-01,7.692307692307692
1917-09-01,7.518796992481203
1917-10-01,7.4074074074074066
1917-11-01,7.4074074074074066
1917-12-01,7.299270072992702
1918-01-01,7.142857142857142
1918-02-01,7.092198581560284
1918-03-01,7.142857142857142
1918-04-01,7.042253521126761
1918-05-01,6.8965517241379315
1918-06-01,6.802721088435375
1918-07-01,6.622516556291391
1918-08-01,6.4935064935064934
1918-09-01,6.369426751592357
1918-10-01,6.25
1918-11-01,6.134969325153374
1918-12-01,6.0606060606060606
1919-01-01,6.0606060606060606
1919-02-01,6.172839506172839
1919-03-01,6.097560975609757
1919-04-01,5.988023952095809
1919-05-01,5.91715976331361
1919-06-01,5.91715976331361
1919-07-01,5.74712643678161
1919-08-01,5.649717514124294
1919-09-01,5.617977528089887
1919-10-01,5.524861878453038
1919-11-01,5.405405405405405
1919-12-01,5.291005291005292
1920-01-01,5.181347150259067
1920-02-01,5.128205128205128
1920-03-01,5.0761421319796955
1920-04-01,4.926108374384236
1920-05-01,4.854368932038835
1920-06-01,4.784688995215311
1920-07-01,4.8076923076923075
1920-08-01,4.926108374384236
1920-09-01,5.0
1920-10-01,5.025125628140704
1920-11-01,5.05050505050505
1920-12-01,5.154639175257732
1921-01-01,5.2631578947368425
1921-02-01,5.434782608695652
1921-03-01,5.46448087431694
1921-04-01,5.524861878453038
1921-05-01,5.649717514124294
1921-06-01,5.681818181818182
1921-07-01,5.649717514124294
1921-08-01,5.649717514124294
1921-09-01,5.714285714285714
1921-10-01,5.714285714285714
1921-11-01,5.74712643678161
1921-12-01,5.780346820809248
1922-01-01,5.91715976331361
1922-02-01,5.91715976331361
1922-03-01,5.988023952095809
1922-04-01,5.988023952095809
1922-05-01,5.988023952095809
1922-06-01,5.988023952095809
1922-07-01,5.952380952380952
1922-08-01,6.024096385542168
1922-09-01,6.024096385542168
1922-10-01,5.988023952095809
1922-11-01,5.952380952380952
1922-12-01,5.91715976331361
1923-01-01,5.952380952380952
1923-02-01,5.952380952380952
1923-03-01,5.952380952380952
1923-04-01,5.91715976331361
1923-05-01,5.91715976331361
1923-06-01,5.88235294117647
1923-07-01,5.813953488372094
1923-08-01,5.847953216374268
1923-09-01,5.813953488372094
1923-10-01,5.780346820809248
1923-11-01,5.780346820809248
1923-12-01,5.780346820809248
1924-01-01,5.780346820809248
1924-02-01,5.813953488372094
1924-03-01,5.847953216374268
1924-04-01,5.88235294117647
1924-05-01,5.88235294117647
1924-06-01,5.88235294117647
1924-07-01,5.847953216374268
1924-08-01,5.88235294117647
1924-09-01,5.847953216374268
1924-10-01,5.813953488372094
1924-11-01,5.813953488372094
1924-12-01,5.780346820809248
1925-01-01,5.780346820809248
1925-02-01,5.813953488372094
1925-03-01,5.780346820809248
1925-04-01,5.813953488372094
1925-05-01,5.780346820809248
1925-06-01,5.714285714285714
1925-07-01,5.649717514124294
1925-08-01,5.649717514124294
1925-09-01,5.649717514124294
1925-10-01,5.649717514124294
1925-11-01,5.555555555555555
1925-12-01,5.58659217877095
1926-01-01,5.58659217877095
1926-02-01,5.58659217877095
1926-03-01,5.617977528089887
1926-04-01,5.58659217877095
1926-05-01,5.617977528089887
1926-06-01,5.649717514124294
1926-07-01,5.714285714285714
1926-08-01,5.74712643678161
1926-09-01,5.714285714285714
1926-10-01,5.681818181818182
1926-11-01,5.649717514124294
1926-12-01,5.649717514124294
1927-01-01,5.714285714285714
1927-02-01,5.74712643678161
1927-03-01,5.780346820809248
1927-04-01,5.780346820809248
1927-05-01,5.74712643678161
1927-06-01,5.681818181818182
1927-07-01,5.780346820809248
1927-08-01,5.813953488372094
1927-09-01,5.780346820809248
1927-10-01,5.74712643678161
1927-11-01,5.780346820809248
1927-12-01,5.780346820809248
1928-01-01,5.780346820809248
1928-02-01,5.847953216374268
1928-03-01,5.847953216374268
1928-04-01,5.847953216374268
1928-05-01,5.813953488372094
1928-06-01,5.847953216374268
1928-07-01,5.847953216374268
1928-08-01,5.847953216374268
1928-09-01,5.780346820809248
1928-10-01,5.813953488372094
1928-11-01,5.813953488372094
1928-12-01,5.847953216374268
1929-01-01,5.847953216374268
1929-02-01,5.847953216374268
1929-03-01,5.88235294117647
1929-04-01,5.91715976331361
1929-05-01,5.88235294117647
1929-06-01,5.847953216374268
1929-07-01,5.780346820809248
1929-08-01,5.780346820809248
1929-09-01,5.780346820809248
1929-10-01,5.780346820809248
1929-11-01,5.780346820809248
1929-12-01,5.813953488372094
1930-01-01,5.847953216374268
1930-02-01,5.88235294117647
1930-03-01,5.91715976331361
1930-04-01,5.88235294117647
1930-05-01,5.91715976331361
1930-06-01,5.952380952380952
1930-07-01,6.024096385542168
1930-08-01,6.0606060606060606
1930-09-01,6.024096385542168
1930-10-01,6.0606060606060606
1930-11-01,6.097560975609757
1930-12-01,6.211180124223603
1931-01-01,6.289308176100628
1931-02-01,6.369426751592357
1931-03-01,6.410256410256411
1931-04-01,6.451612903225807
1931-05-01,6.5359477124183005
1931-06-01,6.622516556291391
1931-07-01,6.622516556291391
1931-08-01,6.622516556291391
1931-09-01,6.666666666666667
1931-10-01,6.7114093959731544
1931-11-01,6.802721088435375
1931-12-01,6.849315068493151
1932-01-01,6.9930069930069925
1932-02-01,7.092198581560284
1932-03-01,7.142857142857142
1932-04-01,7.194244604316546
1932-05-01,7.299270072992702
1932-06-01,7.352941176470588
1932-07-01,7.352941176470588
1932-08-01,7.4074074074074066
1932-09-01,7.462686567164178
1932-10-01,7.518796992481203
1932-11-01,7.575757575757575
1932-12-01,7.633587786259541
1933-01-01,7.751937984496124
1933-02-01,7.874015748031496
1933-03-01,7.936507936507937
1933-04-01,7.936507936507937
1933-05-01,7.936507936507937
1933-06-01,7.874015748031496
1933-07-01,7.633587786259541
1933-08-01,7.575757575757575
1933-09-01,7.575757575757575
1933-10-01,7.575757575757575
1933-11-01,7.575757575757575
1933-12-01,7.575757575757575
1934-01-01,7.575757575757575
1934-02-01,7.518796992481203
1934-03-01,7.518796992481203
1934-04-01,7.518796992481203
1934-05-01,7.518796992481203
1934-06-01,7.462686567164178
1934-07-01,7.462686567164178
1934-08-01,7.462686567164178
1934-09-01,7.352941176470588
1934-10-01,7.4074074074074066
1934-11-01,7.4074074074074066
1934-12-01,7.462686567164178
1935-01-01,7.352941176470588
1935-02-01,7.299270072992702
1935-03-01,7.299270072992702
1935-04-01,7.246376811594202
1935-05-01,7.246376811594202
1935-06-01,7.299270072992702
1935-07-01,7.299270072992702
1935-08-01,7.299270072992702
1935-09-01,7.299270072992702
1935-10-01,7.299270072992702
1935-11-01,7.246376811594202
1935-12-01,7.246376811594202
1936-01-01,7.246376811594202
1936-02-01,7.246376811594202
1936-03-01,7.299270072992702
1936-04-01,7.299270072992702
1936-05-01,7.299270072992702
1936-06-01,7.246376811594202
1936-07-01,7.194244604316546
1936-08-01,7.142857142857142
1936-09-01,7.142857142857142
1936-10-01,7.142857142857142
1936-11-01,7.142857142857142
1936-12-01,7.142857142857142
1937-01-01,7.092198581560284
1937-02-01,7.092198581560284
1937-03-01,7.042253521126761
1937-04-01,6.9930069930069925
1937-05-01,6.944444444444444
1937-06-01,6.944444444444444
1937-07-01,6.8965517241379315
1937-08-01,6.8965517241379315
1937-09-01,6.849315068493151
1937-10-01,6.849315068493151
1937-11-01,6.8965517241379315
1937-12-01,6.944444444444444
1938-01-01,7.042253521126761
1938-02-01,7.092198581560284
1938-03-01,7.092198581560284
1938-04-01,7.042253521126761
1938-05-01,7.092198581560284
1938-06-01,7.092198581560284
1938-07-01,7.092198581560284
1938-08-01,7.092198581560284
1938-09-01,7.092198581560284
1938-10-01,7.142857142857142
1938-11-01,7.142857142857142
1938-12-01,7.142857142857142
1939-01-01,7.142857142857142
1939-02-01,7.194244604316546
1939-03-01,7.194244604316546
1939-04-01,7.246376811594202
1939-05-01,7.246376811594202
1939-06-01,7.246376811594202
1939-07-01,7.246376811594202
1939-08-01,7.246376811594202
1939-09-01,7.092198581560284
1939-10-01,7.142857142857142
1939-11-01,7.142857142857142
1939-12-01,7.142857142857142
1940-01-01,7.194244604316546
1940-02-01,7.142857142857142
1940-03-01,7.142857142857142
1940-04-01,7.142857142857142
1940-05-01,7.142857142857142
1940-06-01,7.092198581560284
1940-07-01,7.142857142857142
1940-08-01,7.142857142857142
1940-09-01,7.142857142857142
1940-10-01,7.142857142857142
1940-11-01,7.142857142857142
1940-12-01,7.092198581560284
1941-01-01,7.092198581560284
1941-02-01,7.092198581560284
1941-03-01,7.042253521126761
1941-04-01,6.9930069930069925
1941-05-01,6.944444444444444
1941-06-01,6.802721088435375
1941-07-01,6.802721088435375
1941-08-01,6.7114093959731544
1941-09-01,6.622516556291391
1941-10-01,6.5359477124183005
1941-11-01,6.4935064935064934
1941-12-01,6.451612903225807
1942-01-01,6.369426751592357
1942-02-01,6.329113924050633
1942-03-01,6.25
1942-04-01,6.211180124223603
1942-05-01,6.134969325153374
1942-06-01,6.134969325153374
1942-07-01,6.097560975609757
1942-08-01,6.0606060606060606
1942-09-01,6.0606060606060606
1942-10-01,5.988023952095809
1942-11-01,5.952380952380952
1942-12-01,5.91715976331361
1943-01-01,5.91715976331361
1943-02-01,5.91715976331361
1943-03-01,5.813953488372094
1943-04-01,5.74712643678161
1943-05-01,5.714285714285714
1943-06-01,5.714285714285714
1943-07-01,5.74712643678161
1943-08-01,5.780346820809248
1943-09-01,5.74712643678161
1943-10-01,5.74712643678161
1943-11-01,5.74712643678161
1943-12-01,5.74712643678161
1944-01-01,5.74712643678161
1944-02-01,5.74712643678161
1944-03-01,5.74712643678161
1944-04-01,5.714285714285714
1944-05-01,5.714285714285714
1944-06-01,5.681818181818182
1944-07-01,5.649717514124294
1944-08-01,5.649717514124294
1944-09-01,5.649717514124294
1944-10-01,5.649717514124294
1944-11-01,5.649717514124294
1944-12-01,5.617977528089887
1945-01-01,5.617977528089887
1945-02-01,5.617977528089887
1945-03-01,5.617977528089887
1945-04-01,5.617977528089887
1945-05-01,5.58659217877095
1945-06-01,5.524861878453038
1945-07-01,5.524861878453038
1945-08-01,5.524861878453038
1945-09-01,5.524861878453038
1945-10-01,5.524861878453038
1945-11-01,5.524861878453038
1945-12-01,5.4945054945054945
1946-01-01,5.4945054945054945
1946-02-01,5.524861878453038
1946-03-01,5.46448087431694
1946-04-01,5.434782608695652
1946-05-01,5.405405405405405
1946-06-01,5.347593582887701
1946-07-01,5.05050505050505
1946-08-01,4.9504950495049505
1946-09-01,4.901960784313726
1946-10-01,4.8076923076923075
1946-11-01,4.694835680751174
1946-12-01,4.651162790697675
1947-01-01,4.651162790697675
1947-02-01,4.651162790697675
1947-03-01,4.566210045662101
1947-04-01,4.566210045662101
1947-05-01,4.566210045662101
1947-06-01,4.545454545454546
1947-07-01,4.504504504504505
1947-08-01,4.444444444444445
1947-09-01,4.3478260869565215
1947-10-01,4.3478260869565215
1947-11-01,4.329004329004329
1947-12-01,4.273504273504273
1948-01-01,4.219409282700422
1948-02-01,4.25531914893617
1948-03-01,4.273504273504273
1948-04-01,4.201680672268907
1948-05-01,4.184100418410042
1948-06-01,4.149377593360995
1948-07-01,4.098360655737705
1948-08-01,4.081632653061225
1948-09-01,4.081632653061225
1948-10-01,4.098360655737705
1948-11-01,4.132231404958678
1948-12-01,4.149377593360995
1949-01-01,4.166666666666667
1949-02-01,4.201680672268907
1949-03-01,4.201680672268907
1949-04-01,4.184100418410042
1949-05-01,4.201680672268907
1949-06-01,4.184100418410042
1949-07-01,4.219409282700422
1949-08-01,4.201680672268907
1949-09-01,4.184100418410042
1949-10-01,4.219409282700422
1949-11-01,4.201680672268907
1949-12-01,4.23728813559322
1950-01-01,4.25531914893617
1950-02-01,4.25531914893617
1950-03-01,4.23728813559322
1950-04-01,4.23728813559322
1950-05-01,4.219409282700422
1950-06-01,4.201680672268907
1950-07-01,4.149377593360995
1950-08-01,4.11522633744856
1950-09-01,4.098360655737705
1950-10-01,4.0650406504065035
1950-11-01,4.048582995951417
1950-12-01,4.0
1951-01-01,3.937007874015748
1951-02-01,3.8910505836575875
1951-03-01,3.875968992248062
1951-04-01,3.875968992248062
1951-05-01,3.861003861003861
1951-06-01,3.861003861003861
1951-07-01,3.861003861003861
1951-08-01,3.861003861003861
1951-09-01,3.8314176245210727
1951-10-01,3.8167938931297707
1951-11-01,3.7878787878787876
1951-12-01,3.773584905660377
1952-01-01,3.773584905660377
1952-02-01,3.8022813688212924
1952-03-01,3.8022813688212924
1952-04-01,3.7878787878787876
1952-05-01,3.7878787878787876
1952-06-01,3.773584905660377
1952-07-01,3.745318352059925
1952-08-01,3.745318352059925
1952-09-01,3.745318352059925
1952-10-01,3.745318352059925
1952-11-01,3.745318352059925
1952-12-01,3.745318352059925
1953-01-01,3.7593984962406015
1953-02-01,3.773584905660377
1953-03-01,3.7593984962406015
1953-04-01,3.7593984962406015
1953-05-01,3.745318352059925
1953-06-01,3.731343283582089
1953-07-01,3.731343283582089
1953-08-01,3.7174721189591082
1953-09-01,3.7174721189591082
1953-10-01,3.7037037037037033
1953-11-01,3.7174721189591082
1953-12-01,3.7174721189591082
1954-01-01,3.7174721189591082
1954-02-01,3.7174721189591082
1954-03-01,3.7174721189591082
1954-04-01,3.731343283582089
1954-05-01,3.7174721189591082
1954-06-01,3.7174721189591082
1954-07-01,3.7174721189591082
1954-08-01,3.7174721189591082
1954-09-01,3.731343283582089
1954-10-01,3.731343283582089
1954-11-01,3.731343283582089
1954-12-01,3.745318352059925
1955-01-01,3.745318352059925
1955-02-01,3.745318352059925
1955-03-01,3.745318352059925
1955-04-01,3.745318352059925
1955-05-01,3.745318352059925
1955-06-01,3.745318352059925
1955-07-01,3.731343283582089
1955-08-01,3.731343283582089
1955-09-01,3.7174721189591082
1955-10-01,3.7174721189591082
1955-11-01,3.7174721189591082
1955-12-01,3.731343283582089
1956-01-01,3.731343283582089
1956-02-01,3.731343283582089
1956-03-01,3.731343283582089
1956-04-01,3.7174721189591082
1956-05-01,3.7037037037037033
1956-06-01,3.676470588235294
1956-07-01,3.649635036496351
1956-08-01,3.663003663003663
1956-09-01,3.649635036496351
1956-10-01,3.6363636363636362
1956-11-01,3.6363636363636362
1956-12-01,3.623188405797101
1957-01-01,3.623188405797101
1957-02-01,3.6101083032490977
1957-03-01,3.597122302158273
1957-04-01,3.584229390681004
1957-05-01,3.571428571428571
1957-06-01,3.558718861209964
1957-07-01,3.5335689045936394
1957-08-01,3.5335689045936394
1957-09-01,3.5335689045936394
1957-10-01,3.5335689045936394
1957-11-01,3.5211267605633805
1957-12-01,3.5211267605633805
1958-01-01,3.4965034965034962
1958-02-01,3.4965034965034962
1958-03-01,3.472222222222222
1958-04-01,3.4602076124567476
1958-05-01,3.4602076124567476
1958-06-01,3.4602076124567476
1958-07-01,3.4482758620689657
1958-08-01,3.4602076124567476
1958-09-01,3.4602076124567476
1958-10-01,3.4602076124567476
1958-11-01,3.4482758620689657
1958-12-01,3.4602076124567476
1959-01-01,3.4482758620689657
1959-02-01,3.4602076124567476
1959-03-01,3.4602076124567476
1959-04-01,3.4482758620689657
1959-05-01,3.4482758620689657
1959-06-01,3.4364261168384878
1959-07-01,3.4246575342465757
1959-08-01,3.4246575342465757
1959-09-01,3.4129692832764507
1959-10-01,3.4013605442176873
1959-11-01,3.4013605442176873
1959-12-01,3.4013605442176873
1960-01-01,3.4129692832764507
1960-02-01,3.4013605442176873
1960-03-01,3.4013605442176873
1960-04-01,3.3898305084745766
1960-05-01,3.3898305084745766
1960-06-01,3.378378378378378
1960-07-01,3.378378378378378
1960-08-01,3.378378378378378
1960-09-01,3.378378378378378
1960-10-01,3.3557046979865772
1960-11-01,3.3557046979865772
1960-12-01,3.3557046979865772
1961-01-01,3.3557046979865772
1961-02-01,3.3557046979865772
1961-03-01,3.3557046979865772
1961-04-01,3.3557046979865772
1961-05-01,3.3557046979865772
1961-06-01,3.3557046979865772
1961-07-01,3.3333333333333335
1961-08-01,3.3444816053511706
1961-09-01,3.3333333333333335
1961-10-01,3.3333333333333335
1961-11-01,3.3333333333333335
1961-12-01,3.3333333333333335
1962-01-01,3.3333333333333335
1962-02-01,3.3222591362126246
1962-03-01,3.3222591362126246
1962-04-01,3.3112582781456954
1962-05-01,3.3112582781456954
1962-06-01,3.3112582781456954
1962-07-01,3.3003300330033003
1962-08-01,3.3003300330033003
1962-09-01,3.2894736842105265
1962-10-01,3.2894736842105265
1962-11-01,3.2894736842105265
1962-12-01,3.2894736842105265
1963-01-01,3.2894736842105265
1963-02-01,3.2894736842105265
1963-03-01,3.278688524590164
1963-04-01,3.278688524590164
1963-05-01,3.278688524590164
1963-06-01,3.2679738562091503
1963-07-01,3.257328990228013
1963-08-01,3.257328990228013
1963-09-01,3.257328990228013
1963-10-01,3.2467532467532467
1963-11-01,3.2467532467532467
1963-12-01,3.236245954692557
1964-01-01,3.236245954692557
1964-02-01,3.236245954692557
1964-03-01,3.236245954692557
1964-04-01,3.236245954692557
1964-05-01,3.236245954692557
1964-06-01,3.2258064516129035
1964-07-01,3.215434083601286
1964-08-01,3.2258064516129035
1964-09-01,3.215434083601286
1964-10-01,3.215434083601286
1964-11-01,3.2051282051282053
1964-12-01,3.2051282051282053
1965-01-01,3.2051282051282053
1965-02-01,3.2051282051282053
1965-03-01,3.194888178913738
1965-04-01,3.1847133757961785
1965-05-01,3.1847133757961785
1965-06-01,3.1645569620253164
1965-07-01,3.1645569620253164
1965-08-01,3.1645569620253164
1965-09-01,3.1645569620253164
1965-10-01,3.1545741324921135
1965-11-01,3.1545741324921135
1965-12-01,3.144654088050314
1966-01-01,3.144654088050314
1966-02-01,3.125
1966-03-01,3.115264797507788
1966-04-01,3.095975232198143
1966-05-01,3.095975232198143
1966-06-01,3.0864197530864197
1966-07-01,3.0769230769230766
1966-08-01,3.058103975535168
1966-09-01,3.058103975535168
1966-10-01,3.0395136778115504
1966-11-01,3.0395136778115504
1966-12-01,3.0395136778115504
1967-01-01,3.0395136778115504
1967-02-01,3.0395136778115504
1967-03-01,3.0303030303030303
1967-04-01,3.021148036253776
1967-05-01,3.012048192771084
1967-06-01,3.0030030030030033
1967-07-01,2.9940119760479047
1967-08-01,2.9850746268656714
1967-09-01,2.976190476190476
1967-10-01,2.9673590504451037
1967-11-01,2.958579881656805
1967-12-01,2.9498525073746316
1968-01-01,2.9325513196480935
1968-02-01,2.923976608187134
1968-03-01,2.915451895043732
1968-04-01,2.906976744186047
1968-05-01,2.8985507246376816
1968-06-01,2.881844380403458
1968-07-01,2.865329512893983
1968-08-01,2.857142857142857
1968-09-01,2.849002849002849
1968-10-01,2.8328611898017
1968-11-01,2.824858757062147
1968-12-01,2.8169014084507045
1969-01-01,2.8089887640449436
1969-02-01,2.793296089385475
1969-03-01,2.770083102493075
1969-04-01,2.7548209366391188
1969-05-01,2.7472527472527473
1969-06-01,2.73224043715847
1969-07-01,2.717391304347826
1969-08-01,2.7027027027027026
1969-09-01,2.6954177897574123
1969-10-01,2.680965147453083
1969-11-01,2.6666666666666665
1969-12-01,2.6525198938992043
1970-01-01,2.645502645502646
1970-02-01,2.6315789473684212
1970-03-01,2.6178010471204187
1970-04-01,2.5974025974025974
1970-05-01,2.5906735751295336
1970-06-01,2.577319587628866
1970-07-01,2.564102564102564
1970-08-01,2.564102564102564
1970-09-01,2.5510204081632653
1970-10-01,2.5380710659898478
1970-11-01,2.525252525252525
1970-12-01,2.512562814070352
1971-01-01,2.512562814070352
1971-02-01,2.5062656641604013
1971-03-01,2.5
1971-04-01,2.4937655860349124
1971-05-01,2.481389578163772
1971-06-01,2.463054187192118
1971-07-01,2.457002457002457
1971-08-01,2.450980392156863
1971-09-01,2.450980392156863
1971-10-01,2.444987775061125
1971-11-01,2.444987775061125
1971-12-01,2.4330900243309
1972-01-01,2.4330900243309
1972-02-01,2.4213075060532687
1972-03-01,2.4154589371980677
1972-04-01,2.4096385542168677
1972-05-01,2.4038461538461537
1972-06-01,2.398081534772182
1972-07-01,2.3866348448687353
1972-08-01,2.380952380952381
1972-09-01,2.375296912114014
1972-10-01,2.3640661938534278
1972-11-01,2.358490566037736
1972-12-01,2.3529411764705883
1973-01-01,2.347417840375587
1973-02-01,2.331002331002331
1973-03-01,2.3094688221709005
1973-04-01,2.293577981651376
1973-05-01,2.277904328018223
1973-06-01,2.262443438914027
1973-07-01,2.2573363431151243
1973-08-01,2.2172949002217295
1973-09-01,2.2123893805309733
1973-10-01,2.1929824561403506
1973-11-01,2.178649237472767
1973-12-01,2.1645021645021645
1974-01-01,2.1459227467811157
1974-02-01,2.11864406779661
1974-03-01,2.092050209205021
1974-04-01,2.0833333333333335
1974-05-01,2.05761316872428
1974-06-01,2.0408163265306123
1974-07-01,2.0242914979757085
1974-08-01,2.0
1974-09-01,1.976284584980237
1974-10-01,1.9569471624266144
1974-11-01,1.941747572815534
1974-12-01,1.9267822736030829
1975-01-01,1.9193857965451055
1975-02-01,1.9047619047619047
1975-03-01,1.8975332068311195
1975-04-01,1.8903591682419658
1975-05-01,1.8796992481203008
1975-06-01,1.8656716417910446
1975-07-01,1.8450184501845017
1975-08-01,1.841620626151013
1975-09-01,1.8315018315018314
1975-10-01,1.8214936247723135
1975-11-01,1.8083182640144668
1975-12-01,1.8018018018018016
1976-01-01,1.7985611510791366
1976-02-01,1.792114695340502
1976-03-01,1.7889087656529519
1976-04-01,1.7825311942959
1976-05-01,1.7699115044247788
1976-06-01,1.7605633802816902
1976-07-01,1.7513134851138352
1976-08-01,1.7421602787456447
1976-09-01,1.736111111111111
1976-10-01,1.7271157167530227
1976-11-01,1.7241379310344829
1976-12-01,1.7182130584192439
1977-01-01,1.7094017094017095
1977-02-01,1.6920473773265652
1977-03-01,1.680672268907563
1977-04-01,1.6666666666666667
1977-05-01,1.658374792703151
1977-06-01,1.6474464579901154
1977-07-01,1.639344262295082
1977-08-01,1.6339869281045751
1977-09-01,1.6286644951140066
1977-10-01,1.6233766233766234
1977-11-01,1.6155088852988693
1977-12-01,1.6103059581320451
1978-01-01,1.6
1978-02-01,1.589825119236884
1978-03-01,1.5772870662460567
1978-04-01,1.5649452269170578
1978-05-01,1.5503875968992247
1978-06-01,1.5337423312883436
1978-07-01,1.5220700152207
1978-08-01,1.5151515151515151
1978-09-01,1.5037593984962405
1978-10-01,1.490312965722802
1978-11-01,1.4836795252225519
1978-12-01,1.4771048744460855
1979-01-01,1.4641288433382138
1979-02-01,1.4471780028943562
1979-03-01,1.4326647564469914
1979-04-01,1.41643059490085
1979-05-01,1.3986013986013988
1979-06-01,1.3831258644536653
1979-07-01,1.3679890560875514
1979-08-01,1.3550135501355014
1979-09-01,1.3404825737265416
1979-10-01,1.3297872340425532
1979-11-01,1.3175230566534915
1979-12-01,1.303780964797914
1980-01-01,1.2853470437017995
1980-02-01,1.2674271229404308
1980-03-01,1.2484394506866419
1980-04-01,1.2345679012345678
1980-05-01,1.2224938875305624
1980-06-01,1.2091898428053203
1980-07-01,1.2091898428053203
1980-08-01,1.2004801920768309
1980-09-01,1.1904761904761905
1980-10-01,1.179245283018868
1980-11-01,1.1695906432748537
1980-12-01,1.1587485515643106
1981-01-01,1.1494252873563218
1981-02-01,1.1376564277588168
1981-03-01,1.1299435028248588
1981-04-01,1.1223344556677892
1981-05-01,1.1135857461024499
1981-06-01,1.1037527593818985
1981-07-01,1.091703056768559
1981-08-01,1.0834236186348862
1981-09-01,1.0729613733905579
1981-10-01,1.070663811563169
1981-11-01,1.0672358591248665
1981-12-01,1.0638297872340425
1982-01-01,1.0604453870625663
1982-02-01,1.0570824524312896
1982-03-01,1.0582010582010584
1982-04-01,1.053740779768177
1982-05-01,1.0438413361169103
1982-06-01,1.0309278350515465
1982-07-01,1.0256410256410258
1982-08-01,1.0235414534288638
1982-09-01,1.0214504596527068
1982-10-01,1.0183299389002036
1982-11-01,1.0204081632653061
1982-12-01,1.0245901639344261
1983-01-01,1.0224948875255624
1983-02-01,1.0214504596527068
1983-03-01,1.0214504596527068
1983-04-01,1.0141987829614605
1983-05-01,1.0080645161290323
1983-06-01,1.0050251256281406
1983-07-01,1.0010010010010009
1983-08-01,0.998003992015968
1983-09-01,0.9930486593843098
1983-10-01,0.9900990099009901
1983-11-01,0.9881422924901185
1983-12-01,0.987166831194472
1984-01-01,0.9813542688910696
1984-02-01,0.9765625
1984-03-01,0.9746588693957114
1984-04-01,0.9699321047526674
1984-05-01,0.9671179883945841
1984-06-01,0.9643201542912248
1984-07-01,0.9606147934678195
1984-08-01,0.9569377990430623
1984-09-01,0.9523809523809523
1984-10-01,0.9496676163342831
1984-11-01,0.9496676163342831
1984-12-01,0.9496676163342831
1985-01-01,0.9478672985781991
1985-02-01,0.9433962264150942
1985-03-01,0.9398496240601504
1985-04-01,0.9354536950420954
1985-05-01,0.9319664492078286
1985-06-01,0.9293680297397771
1985-07-01,0.9276437847866419
1985-08-01,0.9259259259259258
1985-09-01,0.9233610341643583
1985-10-01,0.9199632014719411
1985-11-01,0.9174311926605504
1985-12-01,0.9149130832570906
1986-01-01,0.9124087591240877
1986-02-01,0.9149130832570906
1986-03-01,0.9191176470588235
1986-04-01,0.9208103130755065
1986-05-01,0.9182736455463728
1986-06-01,0.9132420091324202
1986-07-01,0.9132420091324202
1986-08-01,0.9115770282588879
1986-09-01,0.9074410163339383
1986-10-01,0.9066183136899365
1986-11-01,0.9057971014492753
1986-12-01,0.9049773755656109
1987-01-01,0.8992805755395683
1987-02-01,0.896057347670251
1987-03-01,0.8920606601248885
1987-04-01,0.8873114463176575
1987-05-01,0.8841732979664014
1987-06-01,0.8810572687224669
1987-07-01,0.8787346221441126
1987-08-01,0.8741258741258741
1987-09-01,0.8695652173913044
1987-10-01,0.8673026886383347
1987-11-01,0.8665511265164644
1987-12-01,0.8665511265164644
1988-01-01,0.8643042350907519
1988-02-01,0.8620689655172414
1988-03-01,0.8583690987124464
1988-04-01,0.8539709649871904
1988-05-01,0.851063829787234
1988-06-01,0.8474576271186441
1988-07-01,0.8438818565400843
1988-08-01,0.8403361344537815
1988-09-01,0.8347245409015025
1988-10-01,0.831946755407654
1988-11-01,0.8312551953449708
1988-12-01,0.8298755186721991
1989-01-01,0.8257638315441784
1989-02-01,0.8223684210526316
1989-03-01,0.8176614881439085
1989-04-01,0.8123476848090984
1989-05-01,0.8077544426494346
1989-06-01,0.8058017727639002
1989-07-01,0.8038585209003215
1989-08-01,0.8025682182985554
1989-09-01,0.8
1989-10-01,0.7961783439490446
1989-11-01,0.7942811755361397
1989-12-01,0.7930214115781127
1990-01-01,0.7849293563579278
1990-02-01,0.78125
1990-03-01,0.7770007770007771
1990-04-01,0.7757951900698214
1990-05-01,0.7739938080495358
1990-06-01,0.7698229407236334
1990-07-01,0.7668711656441718
1990-08-01,0.7598784194528876
1990-09-01,0.7535795026375283
1990-10-01,0.7490636704119851
1990-11-01,0.7473841554559043
1990-12-01,0.7473841554559043
1991-01-01,0.7429420505200595
1991-02-01,0.7418397626112759
1991-03-01,0.7407407407407407
1991-04-01,0.7396449704142013
1991-05-01,0.7374631268436579
1991-06-01,0.7352941176470588
1991-07-01,0.7342143906020558
1991-08-01,0.7320644216691069
1991-09-01,0.728862973760933
1991-10-01,0.727802037845706
1991-11-01,0.7256894049346879
1991-12-01,0.7251631617113851
1992-01-01,0.724112961622013
1992-02-01,0.7215007215007215
1992-03-01,0.7178750897343862
1992-04-01,0.7168458781362007
1992-05-01,0.7158196134574089
1992-06-01,0.7132667617689016
1992-07-01,0.7117437722419929
1992-08-01,0.7097232079488999
1992-09-01,0.7077140835102619
1992-10-01,0.7052186177715091
1992-11-01,0.7042253521126761
1992-12-01,0.704721634954193
1993-01-01,0.7012622720897616
1993-02-01,0.6988120195667366
1993-03-01,0.6963788300835655
1993-04-01,0.6944444444444444
1993-05-01,0.6934812760055479
1993-06-01,0.6925207756232687
1993-07-01,0.6925207756232687
1993-08-01,0.6906077348066297
1993-09-01,0.6891798759476224
1993-10-01,0.6863417982155114
1993-11-01,0.6858710562414265
1993-12-01,0.6858710562414265
1994-01-01,0.6839945280437757
1994-02-01,0.681663258350375
1994-03-01,0.6793478260869565
1994-04-01,0.6784260515603799
1994-05-01,0.6779661016949152
1994-06-01,0.6756756756756757
1994-07-01,0.6738544474393531
1994-08-01,0.6711409395973155
1994-09-01,0.6693440428380187
1994-10-01,0.6688963210702341
1994-11-01,0.6680026720106881
1994-12-01,0.6680026720106881
1995-01-01,0.665335994677312
1995-02-01,0.6626905235255135
1995-03-01,0.6605019815059445
1995-04-01,0.6583278472679394
1995-05-01,0.6570302233902761
1995-06-01,0.6557377049180328
1995-07-01,0.6557377049180328
1995-08-01,0.6540222367560496
1995-09-01,0.6527415143603134
1995-10-01,0.6506180871828238
1995-11-01,0.6510416666666666
1995-12-01,0.6514657980456027
1996-01-01,0.6476683937823834
1996-02-01,0.6455777921239508
1996-03-01,0.6422607578676943
1996-04-01,0.6397952655150351
1996-05-01,0.6385696040868455
1996-06-01,0.6381620931716656
1996-07-01,0.6369426751592356
1996-08-01,0.6357279084551811
1996-09-01,0.6337135614702154
1996-10-01,0.6317119393556537
1996-11-01,0.6305170239596469
1996-12-01,0.6305170239596469
1997-01-01,0.6285355122564426
1997-02-01,0.6265664160401003
1997-03-01,0.625
1997-04-01,0.6242197253433209
1997-05-01,0.6246096189881324
1997-06-01,0.6238303181534621
1997-07-01,0.6230529595015576
1997-08-01,0.6218905472636815
1997-09-01,0.620347394540943
1997-10-01,0.6188118811881188
1997-11-01,0.6191950464396285
1997-12-01,0.6199628022318661
1998-01-01,0.6188118811881188
1998-02-01,0.6176652254478073
1998-03-01,0.6165228113440198
1998-04-01,0.6153846153846154
1998-05-01,0.6142506142506142
1998-06-01,0.6134969325153374
1998-07-01,0.6127450980392157
1998-08-01,0.6119951040391677
1998-09-01,0.6112469437652812
1998-10-01,0.6097560975609756
1998-11-01,0.6097560975609756
1998-12-01,0.6101281269066504
1999-01-01,0.6086427267194157
1999-02-01,0.60790273556231
1999-03-01,0.6060606060606061
1999-04-01,0.601684717208183
1999-05-01,0.601684717208183
1999-06-01,0.601684717208183
1999-07-01,0.599880023995201
1999-08-01,0.5984440454817475
1999-09-01,0.5955926146515783
1999-10-01,0.5945303210463734
1999-11-01,0.5941770647653001
1999-12-01,0.5941770647653001
2000-01-01,0.5924170616113743
2000-02-01,0.5889281507656066
2000-03-01,0.5841121495327103
2000-04-01,0.5837711617046117
2000-05-01,0.5830903790087463
2000-06-01,0.580046403712297
2000-07-01,0.5787037037037036
2000-08-01,0.5787037037037036
2000-09-01,0.5757052389176742
2000-10-01,0.5747126436781609
2000-11-01,0.5743825387708215
2000-12-01,0.5747126436781609
2001-01-01,0.5711022272986865
2001-02-01,0.5688282138794084
2001-03-01,0.5675368898978435
2001-04-01,0.5652911249293385
2001-05-01,0.5627462014631401
2001-06-01,0.5617977528089888
2001-07-01,0.5633802816901409
2001-08-01,0.5633802816901409
2001-09-01,0.5608524957936062
2001-10-01,0.5627462014631401
2001-11-01,0.5636978579481398
2001-12-01,0.5659309564233164
2002-01-01,0.564652738565782
2002-02-01,0.562429696287964
2002-03-01,0.5592841163310962
2002-04-01,0.5561735261401557
2002-05-01,0.5561735261401557
2002-06-01,0.555864369093941
2002-07-01,0.5552470849528041
2002-08-01,0.5534034311012729
2002-09-01,0.5524861878453039
2002-10-01,0.5515719801434087
2002-11-01,0.5515719801434087
2002-12-01,0.5527915975677169
2003-01-01,0.5503577325261421
2003-02-01,0.5461496450027308
2003-03-01,0.5428881650380022
2003-04-01,0.544069640914037
2003-05-01,0.5449591280653951
2003-06-01,0.5443658138268916
2003-07-01,0.5437737901033171
2003-08-01,0.5417118093174431
2003-09-01,0.5399568034557236
2003-10-01,0.5405405405405405
2003-11-01,0.5420054200542006
2003-12-01,0.5425935973955507
2004-01-01,0.5399568034557236
2004-02-01,0.5370569280343717
2004-03-01,0.5336179295624333
2004-04-01,0.5319148936170213
2004-05-01,0.5288207297726071
2004-06-01,0.5271481286241434
2004-07-01,0.5279831045406547
2004-08-01,0.5277044854881267
2004-09-01,0.526592943654555
2004-10-01,0.5238344683080146
2004-11-01,0.5235602094240838
2004-12-01,0.5254860746190226
2005-01-01,0.5243838489774515
2005-02-01,0.5213764337851928
2005-03-01,0.5173305742369374
2005-04-01,0.513874614594039
2005-05-01,0.51440329218107
2005-06-01,0.5141388174807198
2005-07-01,0.5117707267144319
2005-08-01,0.5091649694501018
2005-09-01,0.5030181086519114
2005-10-01,0.5020080321285141
2005-11-01,0.5060728744939271
2005-12-01,0.5081300813008129
2006-01-01,0.5042864346949066
2006-02-01,0.5032712632108707
2006-03-01,0.5005005005005004
2006-04-01,0.4962779156327543
2006-05-01,0.4938271604938272
2006-06-01,0.49285362247412523
2006-07-01,0.49140049140049136
2006-08-01,0.49043648847474247
2006-09-01,0.49285362247412523
2006-10-01,0.4955401387512388
2006-11-01,0.4962779156327543
2006-12-01,0.4955401387512388
2007-01-01,0.49403209232471734
2007-02-01,0.491402906156787
2007-03-01,0.48696871712961154
2007-04-01,0.4838257066274445
2007-05-01,0.48088714059697324
2007-06-01,0.47995699585317153
2007-07-01,0.48007911703848793
2007-08-01,0.48096115276769097
2007-09-01,0.479639311237949
2007-10-01,0.4786154611938584
2007-11-01,0.47578945365097036
2007-12-01,0.4761088575291854
2008-01-01,0.4737540269092287
2008-02-01,0.4723821760757323
2008-03-01,0.4683226555767862
2008-04-01,0.465499504243028
2008-05-01,0.46161231950958304
2008-06-01,0.45700706075908876
2008-07-01,0.45461984688403556
2008-08-01,0.4564417625955104
2008-09-01,0.457073904279583
2008-10-01,0.4617380744598819
2008-11-01,0.4707543839002001
2008-12-01,0.4756740301006526
2009-01-01,0.47361267008615016
2009-02-01,0.471269080506897
2009-03-01,0.47012585269076534
2009-04-01,0.4689551678859501
2009-05-01,0.4676043692952267
2009-06-01,0.4636219070623525
2009-07-01,0.46435818733137996
2009-08-01,0.4633190322192055
2009-09-01,0.46302941625881494
2009-10-01,0.46258390115507203
2009-11-01,0.4622567373919475
2009-12-01,0.4630722994781175
2010-01-01,0.4614951519934282
2010-02-01,0.46138017264846054
2010-03-01,0.459493362618377
2010-04-01,0.45869665931223025
2010-05-01,0.45834135430703377
2010-06-01,0.4587892551556442
2010-07-01,0.458692451298329
2010-08-01,0.45806002418556924
2010-09-01,0.4577937089988509
2010-10-01,0.4572243737169141
2010-11-01,0.4570321247880514
2010-12-01,0.45624808946112533
2011-01-01,0.45408517729755743
2011-02-01,0.4518569059550222
2011-03-01,0.44749336591085037
2011-04-01,0.4446302010617769
2011-05-01,0.44254837053689966
2011-06-01,0.44302283339683324
2011-07-01,0.44263064243411443
2011-08-01,0.4414134057251319
2011-09-01,0.44074415242695764
2011-10-01,0.4416551468282536
2011-11-01,0.4420280245767582
2011-12-01,0.4431209897550427
2012-01-01,0.4411797145567247
2012-02-01,0.4392457272371883
2012-03-01,0.4359349933737881
2012-04-01,0.43462198752634895
2012-05-01,0.4351326066618802
2012-06-01,0.43577162080896636
2012-07-01,0.4364829946225295
2012-08-01,0.43406734120731494
2012-09-01,0.4321390450591382
2012-10-01,0.4323071801899558
2012-11-01,0.4343652403560057
2012-12-01,0.4355381727431501
2013-01-01,0.4342539517109606
2013-02-01,0.43072629067133
2013-03-01,0.4296030897054212
2013-04-01,0.4300501868568062
2013-05-01,0.4292858829337397
2013-06-01,0.42825818829656026
2013-07-01,0.42808952208085754
2013-08-01,0.42757517840574316
2013-09-01,0.42707848421304384
2013-10-01,0.42818117201750405
2013-11-01,0.4290574894130065
2013-12-01,0.4290943106385352
2014-01-01,0.4275038902854016
2014-02-01,0.4259288443272667
2014-03-01,0.42320339578404775
2014-04-01,0.42181278261456434
2014-05-01,0.4203446826397646
2014-06-01,0.41956340232354217
2014-07-01,0.41972717733473247
2014-08-01,0.4204295107882213
2014-09-01,0.4201133465809075
2014-10-01,0.4211714462606293
2014-11-01,0.4234578722935749
2014-12-01,0.4258726129840042
2015-01-01,0.42788619938641126
2015-02-01,0.4260359063061835
2015-03-01,0.42351526137244355
2015-04-01,0.4226560551819746
2015-05-01,0.4205126048653308
2015-06-01,0.419044745597935
2015-07-01,0.4190166517217394
2015-08-01,0.41961093673945515
2015-09-01,0.4202651873332073
2015-10-01,0.4204542587811872
2015-11-01,0.4213435804092089
2015-12-01,0.4227882887644012
2016-01-01,0.42209052997686947
2016-02-01,0.4217434028788205
2016-03-01,0.41993516201098546
2016-04-01,0.41795361550775095
2016-05-01,0.41626947620811805
2016-06-01,0.4149067704486802
2016-07-01,0.4155792343368187
2016-08-01,0.4151979040809802
2016-09-01,0.4142021637921037
2016-10-01,0.41368640088694364
2016-11-01,0.41433087635123655
2016-12-01,0.41419530136850125
2017-01-01,0.4117954694262454
2017-02-01,0.41050397573100494
2017-03-01,0.41017058994835953
2017-04-01,0.40895781191212316
2017-05-01,0.4086085652527448
2017-06-01,0.4082382478414402
2017-07-01,0.40852009510347814
2017-08-01,0.40730045332540454
2017-09-01,0.40515519469732886
2017-10-01,0.4054114317915536
2017-11-01,0.40540157052568415
2017-12-01,0.40564001882169687
2018-01-01,0.4034421685823446
2018-02-01,0.401620942122406
2018-03-01,0.40071487533760225
2018-04-01,0.3991283037845346
2018-05-01,0.39747523729271667
2018-06-01,0.3968427193250499
2018-07-01,0.39681594882661525
2018-08-01,0.39659562317070274
2018-09-01,0.39613530397442553
2018-10-01,0.39543666093283514
2018-11-01,0.396765567097025
2018-12-01,0.39803688209749516
2019-01-01,0.3972794304602085
2019-02-01,0.39560717789663574
2019-03-01,0.3933879355787917
2019-04-01,0.39131591716624664
2019-05-01,0.3904846695718726
2019-06-01,0.3904069211338979
2019-07-01,0.3897556621753822
2019-08-01,0.3897754114079468
2019-09-01,0.38947028147017243
2019-10-01,0.38858190918063623
2019-11-01,0.38879039532207393
2019-12-01,0.38914442706266006
2020-01-01,0.38764047121575684
2020-02-01,0.3865810003169964
2020-03-01,0.38742421013889156
2020-04-01,0.3900323336804621
2020-05-01,0.39002472756772777
2020-06-01,0.38790210902376676
2020-07-01,0.385949880548512
2020-08-01,0.38473672465931563
2020-09-01,0.38420162901490706
2020-10-01,0.3840422753736732
2020-11-01,0.3842769253234651
2020-12-01,0.38391547716854657
2021-01-01,0.3822893012516152
2021-02-01,0.3802078976784506
2021-03-01,0.37753372319982476
2021-04-01,0.3744561025111026
2021-05-01,0.3714779249243114
2021-06-01,0.36805841823214175
2021-07-01,0.36629634106584913
2021-08-01,0.3655411654183435
2021-09-01,0.3645510553753053
2021-10-01,0.3615472777297723
2021-11-01,0.3597795271057896
2021-12-01,0.3586774843795955
2022-01-01,0.35568455048586506
2022-02-01,0.3524651411975356
2022-03-01,0.3478212477043797
2022-04-01,0.34589030434887885
